{
  "project_info": {
    "project_id": "default-demo-app-70f24",
    "project_number": "317676410988",
    "name": "Default Demo App"
  },
  "client": [
    {
      "client_info": {
        "mobilesdk_app_id": "1:317676410988:android:f36173e948059ccb",
        "client_id": "android:gcm.play.android.samples.com.gcmquickstart",
        "client_type": 1,
        "android_client_info": {
          "package_name": "gcm.play.android.samples.com.gcmquickstart"
        }
      },
      "oauth_client": [],
      "api_key": [],
      "services": {
        "analytics_service": {
          "status": 1
        },
        "cloud_messaging_service": {
          "status": 2,
          "apns_config": []
        },
        "appinvite_service": {
          "status": 1,
          "other_platform_oauth_client": []
        },
        "google_signin_service": {
          "status": 1
        },
        "ads_service": {
          "status": 1
        }
      }
    }
  ],
  "client_info": [],
  "ARTIFACT_VERSION": "1"
}