<?xml version="1.0" encoding="UTF-8"?>
<project-private xmlns="http://www.netbeans.org/ns/project-private/1">
    <editor-bookmarks xmlns="http://www.netbeans.org/ns/editor-bookmarks/2" lastBookmarkId="0"/>
    <open-files xmlns="http://www.netbeans.org/ns/projectui-open-files/2">
        <group>
            <file>file:/C:/wamp/www/GCMphp/send_push_notification_message.php</file>
            <file>file:/C:/wamp/www/GCMphp/index.php</file>
            <file>file:/C:/wamp/www/GCMphp/config.php</file>
            <file>file:/C:/wamp/www/GCMphp/loader.php</file>
            <file>file:/C:/wamp/www/GCMphp/functions.php</file>
            <file>file:/C:/wamp/www/GCMphp/register.php</file>
        </group>
    </open-files>
</project-private>
